"","participantIDs"
"1","01_0122"
"2","02_0122"
"3","03_0122"
"4","04_0130"
"5","05_0130"
"6","06_0203"
"7","07_0203"
"8","08_0203"
"9","09_0204"
"10","10_0204"
"11","100-0318_SocialRL"
"12","101_0319"
"13","102_0319"
"14","103_0319"
"15","105_0320"
"16","106_0320"
"17","107_0320"
"18","108_0323"
"19","109_0323"
"20","11_0204"
"21","110_0323"
"22","111_0324"
"23","112_0324"
"24","113_0325"
"25","114_0325"
"26","116_0325"
"27","117_0326"
"28","119_0327"
"29","12_0204"
"30","120_0327"
"31","121_0327"
"32","122_0327"
"33","124_0330"
"34","125_0330"
"35","126_0330"
"36","127_0330"
"37","128_0331"
"38","129_0331"
"39","13_0205"
"40","130_0401"
"41","131_0401"
"42","132_0401"
"43","133_0401"
"44","134_0402"
"45","135_0402"
"46","136_0403"
"47","137_0403"
"48","138_0403"
"49","139_0403"
"50","14_0205"
"51","140_0403"
"52","141_0403"
"53","142_0406"
"54","143_0406"
"55","144_0406"
"56","145_0406"
"57","146_0407"
"58","147_0407"
"59","148_0408"
"60","149_0408"
"61","15_0205"
"62","150_0408"
"63","151_0408"
"64","153_0409"
"65","154_0409"
"66","157_0410"
"67","158_0413"
"68","159_0413"
"69","16_02052"
"70","162_0414"
"71","163_0415"
"72","164_0415"
"73","165_0416"
"74","166_0416"
"75","18_0206"
"76","19_0206"
"77","20_0209"
"78","21_0209"
"79","22_0210"
"80","23_0210"
"81","24_0210"
"82","25_0211"
"83","27_0211"
"84","28_0211"
"85","29_0212"
"86","31_0212"
"87","32_0213"
"88","33_0213"
"89","34_0213"
"90","35_0213"
"91","36_0213"
"92","38_0216"
"93","40_0216"
"94","41_0217"
"95","45_0218"
"96","47_0218"
"97","48_0218"
"98","49_0219"
"99","50_0219"
"100","53_0220"
"101","55_0220"
"102","56_0220"
"103","59_0223"
"104","60_0223"
"105","61_0223"
"106","62_0224"
"107","64_0224"
"108","66_0225"
"109","67_0225"
"110","69_0226"
"111","70_0226"
"112","71_0226"
"113","72_0226"
"114","73_0227"
"115","74_0227"
"116","75_0227"
"117","76_0227"
"118","77_0227"
"119","78_0302"
"120","79_0302"
"121","81_0302"
"122","82_0303"
"123","83_0303"
"124","84_0303"
"125","85_0304"
"126","86_0304"
"127","87_0304"
"128","88_0305"
"129","89_0305"
"130","90_0305"
"131","91_0306"
"132","92_0306"
"133","93_0316"
"134","95_0316"
"135","96_0316"
"136","97_0317"
"137","98_0318"
"138","99_0318"
